id,gene-id,gene-symbol,gene-name,r,,,,,,,,,,,
1099556,30786,KCNK9,"potassium channel, subfamily K, member 9",1,2.1039,3.4865,2.3438,2.6535,1.9149,3.4019,3.978,3.2876,3.9467,3.3072,3.4198
279784688,0,RP11-390P2.4,RP11-390P2.4,0.948,1.7592,2.9404,2.0093,2.2419,1.821,3.1469,3.1601,2.8328,3.1171,3.0721,2.594
1089612,865,CBLN1,cerebellin 1 precursor,0.901,6.1532,7.1778,6.5365,6.8227,6.4406,7.5052,7.2353,7.3459,7.4539,7.3443,7.4484
1094317,34129,APTX,aprataxin,0.901,2.3737,2.8386,2.1724,2.6676,2.2044,2.8495,2.9133,2.9174,2.8335,2.8269,2.8689
1095506,81016,CPNE9,copine family member IX,0.895,0.8133,2.5186,1.8037,1.7742,0.8331,2.3178,2.954,2.5963,2.9586,3.1302,3.411
1087638,34829,IL17RB,interleukin 17 receptor B,0.892,2.3806,2.6172,2.2394,2.3388,1.836,3.1963,3.5848,3.4812,3.3278,3.0575,3.1573
280024227,0,AC138207.1,AC138207.1,0.888,0.2719,1.3124,1.0044,1.2176,0.2545,1.6268,2.2547,1.6497,1.4175,1.6167,1.6826
1088554,34913,POMGNT1,"protein O-linked mannose beta1,2-N-acetylglucosaminyltransferase",0.885,3.3131,3.9889,3.3275,3.6227,3.4906,3.9447,3.8989,3.9013,3.9316,3.6589,3.8493
279794484,1021095,RP11-190J1.10,RP11-190J1.10,0.88,1.3765,1.8973,1.8599,1.5359,0.9552,2.1471,2.7298,1.9509,2.3754,2.5479,2.4115
279978811,0,RP11-535A15.1,RP11-535A15.1,0.874,0,0.8123,0,0.3027,0.1293,0.8704,0.5383,0.6403,0.8963,0.7065,0.5856
280077006,0,RP11-159H22.2,RP11-159H22.2,0.873,0.1438,0.4916,0.3089,0.3229,0.1038,0.7266,0.7969,0.5251,0.5264,0.346,0.4832
279774117,0,WARS2-IT1,WARS2 intronic transcript 1 (non-protein coding),0.865,0.2049,0.3646,0.2575,0.2418,0.069,0.563,0.5993,0.4232,0.4129,0.3924,0.3281
1107705,171002,CTC-228N24.1,CTC-228N24.1,0.865,0.0144,0.125,0.0623,0.0339,0.0087,0.1914,0.2187,0.1756,0.2484,0.2386,0.2998
1095810,80267,ASB15,ankyrin repeat and SOCS box containing 15,0.862,0.2787,0.3429,0.1765,0.3772,0.0217,0.5084,0.8111,0.2865,0.8912,0.5767,0.5257
1100632,7591,ZNF80,zinc finger protein 80,0.86,0,0.0937,0,0.0186,0,0.0449,0.0725,0.0178,0.0926,0.0347,0.0392
1098659,26035,ANKRD2,ankyrin repeat domain 2 (stretch responsive muscle),0.854,0.1404,0.5059,0.3281,0.263,0.2196,0.4622,0.4914,0.3113,0.6852,0.5488,0.6129
1107536,0,AC016757.1,Protein FAM132B,0.853,0.2755,1.0153,0.6067,0.8783,0.897,1.1846,1.5027,1.2226,1.5086,0.9357,1.3144
279825073,0,AC008781.7,AC008781.7,0.852,2.3651,2.9698,2.4483,2.2038,2.5409,2.8405,3.1054,2.7166,3.0322,2.6526,2.9167
1090416,5382,4-Sep,septin 4,0.852,3.5205,4.5914,4.2562,3.8141,3.2518,4.5449,4.878,4.9246,5.1233,5.271,5.448
1094284,58463,GARNL3,GTPase activating Rap/RanGAP domain-like 3,0.85,2.1309,2.3567,1.9644,1.953,2.0571,2.7601,3.0615,2.6936,2.9533,2.8607,3.1455
279874845,0,RP11-96C23.8,RP11-96C23.8,0.848,0.0446,0.5081,0.1228,0.3216,0.1101,0.2971,1.0777,0.5082,0.5354,0.6321,0.6794
280085757,8766,HCAR3,hydroxycarboxylic acid receptor 3,0.846,0.4903,0.593,0.4487,0.459,0.0982,0.7057,1.1416,0.78,0.9439,0.4168,0.8895
1089442,29640,ST8SIA5,"ST8 alpha-N-acetyl-neuraminide alpha-2,8-sialyltransferase 5",0.846,1.3032,2.3792,1.4079,1.38,1.9726,2.3522,2.6078,2.5337,2.9164,2.5163,2.7267
1092564,10338,C1orf61,chromosome 1 open reading frame 61,0.845,4.3505,5.1008,4.4879,4.6469,4.0046,5.4354,5.5988,5.3403,5.4349,6.0108,6.0514
1108486,123953,ANKRD34C,ankyrin repeat domain 34C,0.841,0.4916,0.7352,0.2237,0.6242,0.4246,1.512,1.4565,1.181,1.5891,0.7958,0.8471
1093872,26267,TIMM10,translocase of inner mitochondrial membrane 10 homolog (yeast),0.84,3.8899,4.531,4.4059,4.4653,4.0459,4.7874,4.6897,4.4473,4.6394,4.54,4.4495
1101457,0,FAM132B,"family with sequence similarity 132, member B",0.837,0.2061,0.7316,0.4466,0.6938,0.6541,0.8825,1.1004,0.9304,1.1406,0.6603,1.0121
1094630,2235,FGF5,fibroblast growth factor 5,0.837,1.0059,0.9573,0.8402,1.3203,0.7185,2.2762,2.6442,2.3275,2.5435,1.9148,1.987
279396420,0,AC009237.9,AC009237.9,0.837,0.1054,0.308,0.2735,0.1023,0.1106,0.5438,0.5245,0.3496,0.556,0.4661,0.2571
280136578,0,CTD-2054N24.1,CTD-2054N24.1,0.836,0,0.1881,0,0,0,0.0876,0.268,0.0692,0.1701,0.1328,0.2785
280038219,157121039,RP11-163N6.2,RP11-163N6.2,0.835,0.2351,0.5089,0.2733,0.1301,0.2062,0.3781,0.4239,0.4367,0.4984,0.4282,0.4964
279789178,0,RP11-527D7.1,RP11-527D7.1,0.834,0.9016,1.3043,1.2879,1.4674,1.2561,1.7746,1.9548,1.5212,2.1158,1.8869,1.8622
1087753,4773,NGFR,nerve growth factor receptor,0.834,3.0743,4.6778,3.9056,4.0922,3.6121,5.1037,4.7099,5.6412,5.5914,5.2803,5.5598
1094051,6517,SLC9A5,"solute carrier family 9 (sodium/hydrogen exchanger), member 5",0.831,0.6767,1.329,1.191,0.7283,0.7048,1.5321,2.5966,1.6216,1.5615,1.2935,1.7996
1101288,1014768,RP11-16K12.1,RP11-16K12.1,0.829,0.4394,1.0251,0.3953,0.2718,0.3251,1.1545,1.7917,1.1379,1.6447,0.2439,1.2877
279566916,0,C21orf77,chromosome 21 open reading frame 77,0.829,1.0871,2.241,1.251,1.4307,1.0112,1.8007,1.8507,2.3267,2.1943,1.7935,1.4645
1100006,3727,KCND3,"potassium voltage-gated channel, Shal-related subfamily, member 3",0.824,3.4507,3.4479,3.3178,3.2748,2.907,3.9444,4.2505,4.2079,4.0099,3.7735,4.208
1094656,303,ANXA3,annexin A3,0.824,0.4797,0.8774,0.3567,0.5862,0.6341,1.3292,1.3809,1.4967,1.9785,1.3024,1.879
1094464,34466,FAM82A2,"family with sequence similarity 82, member A2",0.821,2.4045,2.9662,2.6317,2.708,2.6798,3.1649,3.2143,3.4225,3.2229,3.2675,2.9055
279825644,94701,HCG22,HLA complex group 22 (non-protein coding),0.821,0.5928,1.367,1.1986,0.9243,0.6549,1.7762,1.8276,1.9069,1.3983,1.3139,1.4578
1109029,79856,TCP10L,t-complex 10 (mouse)-like,0.818,1.275,2.0826,1.7442,1.6283,0.7212,2.1909,2.342,2.4796,1.9306,1.997,1.8093
1089310,34534,UQCC,ubiquinol-cytochrome c reductase complex chaperone,0.817,2.3412,2.6111,2.0772,2.6274,2.3695,2.5779,2.8212,2.688,2.9371,2.8468,2.5949
1099142,9478,KLK4,kallikrein-related peptidase 4,0.817,0.0805,1.6,0.9108,1.0784,0.0526,1.6308,1.9126,2.0066,1.0788,1.634,1.3983
1105384,119464,CTD-2210P24.4,Uncharacterized protein,0.816,0,0.3813,0.1803,0.3028,0,0.5127,0.9455,0.1534,0.6067,0.1506,0.3908
1106087,133671,PLIN5,perilipin 5,0.815,0.4693,1.0972,0.7191,0.6948,0.5509,1.574,1.4617,1.0963,1.1685,1.0172,1.7457
1101584,10325,ZNF238,zinc finger protein 238,0.815,5.6689,6.2851,5.4826,5.816,5.6951,6.9667,6.9064,6.829,6.5941,6.8167,7.3647
1091908,1385,CRHR1,corticotropin releasing hormone receptor 1,0.814,1.861,2.51,1.7323,1.9527,2.1782,2.7444,2.9516,3.0631,3.0996,3.2349,3.2457
1096217,41735,PCDH15,protocadherin-related 15,0.814,0.3971,0.4817,0.3709,0.4085,0.2614,1.0858,1.924,1.3198,1.1665,0.8515,1.0526
279948962,0,RP11-416O18.2,RP11-416O18.2,0.811,0,0.695,0,0,0.5049,1.1137,2.3119,2.1869,2.6014,0.8053,1.8876
280027714,0,CTD-3083F21.1,CTD-3083F21.1,0.81,0.94,1.5816,0.9411,1.1729,1.119,1.3973,1.2731,1.4149,1.7136,1.5204,1.6164
1088213,4267,MLH1,"mutL homolog 1, colon cancer, nonpolyposis type 2 (E. coli)",0.81,2.7444,3.4791,2.9967,3.0483,3.2487,3.4831,3.5683,3.4909,3.4543,3.2691,3.3477
279898612,0,NICN1-AS1,NICN1 antisense RNA 1 (non-protein coding),0.809,3.692,4.2988,3.9527,3.6351,3.7941,4.1291,4.3926,3.9555,4.5138,4.617,4.3673
1105853,3906,LCAT,lecithin-cholesterol acyltransferase,0.808,2.5368,3.9016,3.7695,3.1969,3.4031,4.8867,5.3803,6.0826,5.9351,4.9484,5.9022
1099747,6550,SLN,sarcolipin,0.806,2.412,3.351,1.9244,3.6832,3.3114,5.6882,5.8941,6.1725,6.5431,5.1673,6.5101
279754242,0,U3,Small nucleolar RNA U3,0.806,0.7019,1.0161,0.8039,0.951,0.1374,0.9849,2.2977,0.9248,1.3238,1.5284,1.299
279858707,0,RP11-350J20.5,RP11-350J20.5,0.806,0,0.1542,0,0,0,0.1456,0.6014,0,0.4161,0.2696,0.228
1088436,77615,C1QTNF3,C1q and tumor necrosis factor related protein 3,0.805,2.9427,3.1949,2.8515,3.43,2.1216,3.7092,4.2,4.7404,5.0159,3.2222,4.1001
1099986,4853,NPTX1,neuronal pentraxin I,0.805,2.4491,3.3315,1.8383,2.6963,2.6961,3.4154,3.7645,3.3706,3.1671,2.8977,3.1747
1092516,30548,C3orf32,chromosome 3 open reading frame 32,0.803,0.0539,0.1084,0.058,0.1487,0.0884,0.1792,0.2812,0.1693,0.1677,0.1504,0.1972
1087659,5891,RASGRF1,Ras protein-specific guanine nucleotide-releasing factor 1,0.803,1.3956,2.1162,1.3567,1.2933,1.2212,2.4788,2.9708,2.5862,2.9489,1.0697,2.7708
1094136,30613,PHF11,PHD finger protein 11,0.802,0.5527,0.8939,0.6463,0.8374,0.8398,1.6042,1.7065,1.6329,1.4081,1.4459,1.6573
1108819,0,RP11-400K9.4,RP11-400K9.4,0.801,0.4106,0.9859,0.3265,0.2137,0.548,0.7972,1.5631,1.5383,1.6523,0.7566,0.804
280095658,0,RP11-1038A11.3,RP11-1038A11.3,0.8,0,0.0355,0,0,0,0.081,0.0925,0.0198,0.0827,0,0.0358
1098077,2975,GYG1,glycogenin 1,0.8,3.4138,3.8669,3.5423,3.4254,3.3555,4.1829,4.0074,4.3757,4.1643,3.7506,4.3579
1104340,36161,CDC42SE1,CDC42 small effector 1,0.8,3.5607,4.1542,3.5243,3.6834,3.5425,4.1968,4.6249,4.0955,4.1132,4.6225,4.8459
279745793,0,RP11-460H18.1,RP11-460H18.1,0.799,0,0.137,0,0.2064,0,0.1293,0.5448,0.2878,0.2592,0.2989,0.2182
1095692,54831,PCYOX1L,prenylcysteine oxidase 1 like,0.799,1.5935,1.8442,1.4704,1.7962,1.6961,2.0313,2.404,2.1364,2.0395,2.3106,2.323
1106627,6259,VPS52,vacuolar protein sorting 52 homolog (S. cerevisiae),0.799,3.2054,3.9599,3.5237,3.456,3.7318,3.9242,3.9363,3.9462,4.1502,4.0973,4.1316
280102958,0,RP11-328C8.4,RP11-328C8.4,0.797,1.697,2.1189,1.589,1.7845,1.7991,2.3359,2.5606,2.9743,2.9692,2.9441,2.7302
1095410,79247,SYT2,synaptotagmin II,0.797,2.6471,3.6389,3.5377,3.3841,1.9018,3.5926,3.7145,3.5362,4,3.0541,3.5558
1094701,80348,PRICKLE1,prickle homolog 1 (Drosophila),0.795,1.7586,1.9435,1.5185,1.7947,1.7248,2.4169,2.5163,2.9016,2.8296,2.6688,2.6718
1094445,133462,UNC13C,unc-13 homolog C (C. elegans),0.794,1.9708,2.4394,1.8634,2.2486,1.49,3.1737,3.5252,3.1464,2.3642,2.9339,2.6005
1093617,37776,LGR6,leucine-rich repeat containing G protein-coupled receptor 6,0.793,1.1331,1.4489,0.9723,1.3982,1.0103,2.3477,2.9349,3.3787,3.1294,1.9161,1.8531
1092049,78672,TRIM6,tripartite motif containing 6,0.792,0,0.118,0.1319,0.0788,0.12,0.1478,0.324,0.2163,0.3789,0.1684,0.2668
280092105,0,RP11-728G15.1,RP11-728G15.1,0.792,0.1703,1.3553,0.5865,0.4465,0.4454,1.1565,1.2406,0.6916,1.0831,0.9306,0.4665
1094188,34605,RSAD1,radical S-adenosyl methionine domain containing 1,0.791,2.4832,3.3335,2.7726,2.6269,2.5865,3.3722,3.4361,3.1853,3.0231,3.7197,3.3545
280112782,0,NKX2-2-AS1,NKX2-2 antisense RNA 1 (non-protein coding),0.791,0.94,1.6205,1.7459,1.759,1.121,3.1505,3.0565,4.0457,4.0242,2.4274,2.9459
1096488,2876,GRIA4,"glutamate receptor, ionotrophic, AMPA 4",0.791,3.2267,2.9606,2.8573,2.6861,2.3489,3.8047,4.0998,4.1158,4.0281,3.7563,4.1356
1093545,6714,SSTR4,somatostatin receptor 4,0.791,0,0.3056,0,0.0849,0.0564,0.2445,0.2397,0.3994,0.2663,0.1554,0.1746
279738013,0,AP000269.1,AP000269.1,0.789,0.0456,0.0779,0.0696,0.0548,0.0273,0.1382,0.3567,0.1801,0.1708,0.139,0.1638
279903525,0,OBSCN-IT2,OBSCN intronic transcript 2 (non-protein coding),0.789,1.0359,1.6814,1.0914,0.8198,0.6642,1.7589,2.7921,1.7852,1.3306,1.4212,1.8927
279851659,0,RP5-1055C14.7,RP5-1055C14.7,0.789,0.3691,0.8851,0.5465,0.7453,0.533,0.7708,1.0315,0.8732,0.6751,0.6726,0.8559
1095374,55,ACTA1,"actin, alpha 1, skeletal muscle",0.789,0.4089,1.4919,1.0154,0.991,0.6572,1.495,1.144,1.324,1.431,1.5287,1.071
1102667,109881,SATL1,spermidine/spermine N1-acetyl transferase-like 1,0.787,1.3069,1.3641,1.2694,1.2523,1.1907,1.5325,1.5689,1.4347,1.4413,1.323,1.3065
279808249,0,TRGC2,T cell receptor gamma constant 2,0.786,0,0.0684,0,0,0,0.0645,0.1038,0,0.0676,0,0.0556
1093230,10438,POMT1,protein-O-mannosyltransferase 1,0.786,2.9323,3.764,3.3161,3.0756,2.9406,3.6035,4.2342,3.8807,3.5031,4.172,3.4429
1095432,4186,MEIS1,Meis homeobox 1,0.786,3.2501,4.266,3.5101,3.0738,3.1947,4.1235,4.5667,4.5785,4.0316,4.4122,3.5766
1098966,80880,MEI1,meiosis inhibitor 1,0.785,0.0115,0.0765,0.0367,0.0271,0.0572,0.0802,0.3444,0.2347,0.3021,0.2951,0.2063
1098952,37695,C21orf63,chromosome 21 open reading frame 63,0.784,0.8374,1.4956,1.3827,1.2649,0.8927,1.6482,1.9814,1.9728,1.881,1.0022,1.4211
1096762,80570,EME1,essential meiotic endonuclease 1 homolog 1 (S. pombe),0.782,1.6202,1.9293,1.7869,1.8976,1.5721,2.0204,2.1926,2.1423,2.1916,1.8894,1.6342
1095909,9561,ST18,suppression of tumorigenicity 18 (breast carcinoma) (zinc finger protein),0.782,1.5124,2.4096,1.6719,1.9581,1.6786,2.658,2.8856,3.1805,2.3437,3.1284,2.9323
279721149,0,CNN2P8,calponin 2 pseudogene 8,0.779,0.133,0.3451,0.2736,0.059,0.2589,0.3852,0.6453,0.6039,0.6173,0.3933,0.3401
1091897,29810,KCNIP2,Kv channel interacting protein 2,0.778,1.8493,2.3142,2.1212,1.8475,1.5375,2.5574,3.0136,2.4323,2.7715,3.5789,2.774
1095605,110163,SLC10A6,"solute carrier family 10 (sodium/bile acid cotransporter family), member 6",0.778,0,0.0465,0.0409,0,0,0.0864,0.1374,0.1891,0.1337,0.1309,0.1118
1092629,4790,NKX2-2,NK2 homeobox 2,0.778,0.7125,1.2894,1.5725,1.3789,0.7249,2.8491,2.6912,3.5657,3.4181,1.8745,2.3891
1095150,23378,CBLC,Cas-Br-M (murine) ecotropic retroviral transforming sequence c,0.778,0,0.1674,0.1478,0.0337,0,0.2531,0.7291,0.1592,0.3849,0.3291,0.1318
280096058,0,AP003026.1,AP003026.1,0.777,4.8388,4.3624,4.0862,4.1386,3.5163,4.8462,5.5683,5.2588,6.166,4.7041,4.9299
1094142,10107,SPRY2,sprouty homolog 2 (Drosophila),0.776,3.3739,3.8147,3.8389,3.7248,3.5481,4.559,4.5474,4.9159,4.7238,4.0324,4.8939
1093196,25579,SULT4A1,"sulfotransferase family 4A, member 1",0.776,4.0704,4.1301,4.3328,4.1085,3.236,4.6631,4.6886,4.3775,4.8627,4.1403,4.3189
1105245,2534,GABBR1,"gamma-aminobutyric acid (GABA) B receptor, 1",0.775,5.0202,5.2187,4.9668,4.6069,4.6605,5.2946,5.5764,5.2351,5.8991,5.58,6.1013
1089812,58204,NCALD,neurocalcin delta,0.775,3.2812,3.6034,3.1816,3.2128,3.4536,3.967,3.9823,4.4059,4.6634,4.1553,4.3967
1099673,9614,FRMPD4,FERM and PDZ domain containing 4,0.775,1.0563,1.0791,0.6557,0.8633,1.201,1.7174,2.0599,1.8204,2.0297,1.7443,1.9935
1098479,55789,SVEP1,"sushi, von Willebrand factor type A, EGF and pentraxin domain containing 1",0.773,0.6712,0.8975,0.6582,0.5293,0.8221,0.9881,1.3844,1.0735,1.1072,0.9842,0.8364
279755593,0,Z95152.1,Z95152.1,0.772,0,0.8112,0.5188,0.5944,0.7405,0.7156,1.8193,0.6882,1.3416,0.8391,1.3385
1109110,0,JMJD7,jumonji domain containing 7,0.772,2.431,3.2566,2.6708,2.4736,2.8953,3.1144,3.6672,3.1472,3.2258,3.4018,3.8251
1090327,34069,NSMCE4A,non-SMC element 4 homolog A (S. cerevisiae),0.771,2.2294,2.7772,2.4688,2.9163,2.4034,2.9143,3.0595,3.0063,2.7522,2.9155,2.7096
1098308,2158,FABP7,"fatty acid binding protein 7, brain",0.771,5.8687,6.0004,6.0442,6.8137,5.415,6.7081,7.04,7.1529,7.7125,6.9779,6.4352
1092934,30682,CPA4,carboxypeptidase A4,0.771,0,0.0178,0,0,0.0358,0.2882,0.2289,0.1536,0.2678,0.2299,0.2177
1090476,2632,KAT2A,K(lysine) acetyltransferase 2A,0.77,3.0567,3.9965,3.5708,3.3396,3.2402,4.2125,4.5249,4.1596,3.8716,4.7133,4.8354
1106848,94201,C17orf89,chromosome 17 open reading frame 89,0.77,3.564,4.6353,4.2903,4.2829,4.3126,5.0331,4.8605,4.5814,4.6944,4.6302,4.4378
1094555,105961,FAM149B1,"family with sequence similarity 149, member B1",0.77,2.9575,3,2.7747,2.9476,2.6887,3.1934,3.1979,3.1168,3.1238,3.2784,2.9324
1096040,5963,RGR,retinal G protein coupled receptor,0.769,0.0264,0.6156,0.3964,0.3524,0.1746,0.3829,0.8225,0.8778,0.7226,0.8547,0.3523
1096913,7031,TIAM1,T-cell lymphoma invasion and metastasis 1,0.769,3.3808,3.5411,3.0266,3.0216,3.1764,3.6648,4.088,4.3361,3.9451,3.6848,3.9522
1109135,35149,DBNDD2,dysbindin (dystrobrevin binding protein 1) domain containing 2,0.769,2.7686,3.1594,2.7462,2.9432,2.8721,3.7859,3.9203,4.447,4.9337,3.2165,4.4617
1089523,5219,PHEX,"phosphate regulating endopeptidase homolog, X-linked",0.769,0.2582,0.3494,0.2026,0.283,0.1323,0.3193,0.3283,0.4031,0.5217,0.3742,0.2392
1100840,37030,SCUBE2,"signal peptide, CUB domain, EGF-like 2",0.768,1.9639,2.3193,1.9052,1.9167,1.7559,2.9418,3.151,3.6798,3.7701,2.2424,3.8468
1100103,60278,SYCE1,synaptonemal complex central element protein 1,0.768,0.177,0.6634,0.3955,0.1253,0.5387,1.4217,1.9378,1.0642,0.9786,1.3003,1.5512
279826358,0,RP11-57H12.5,RP11-57H12.5,0.768,0,0.2528,0,0,0,0.3859,0.8543,0.4943,0.3354,0,0.4321
280020209,94090,CCDC79,CCDC79,0.768,0,0,0,0,0,0.0213,0.0346,0,0.0284,0.0151,0.0186
1106713,0,RP11-728K20.1,RP11-728K20.1,0.767,0,0.9646,0.826,0.6147,0.7743,1.0004,1.3533,0.9533,1.4054,1.3433,0.7999
1096733,5105,PDE1C,"phosphodiesterase 1C, calmodulin-dependent 70kDa",0.767,2.4745,2.7917,2.372,3.2733,2.1628,3.5042,3.7759,4.0708,3.3839,3.6882,3.9397
1089317,36719,NDRG3,NDRG family member 3,0.767,4.9264,5.0124,4.8111,4.6003,4.6184,5.1495,5.1375,5.1407,5.5798,4.9165,5.4321
1093359,9801,GFPT2,glutamine-fructose-6-phosphate transaminase 2,0.766,1.6104,2.8902,1.7715,1.7662,2.3099,3.2522,3.4843,3.1333,2.7392,3.7813,3.3077
1092437,4667,NDP,Norrie disease (pseudoglioma),0.766,2.1586,3.5925,2.6119,3.503,2.2599,4.26,4.1916,4.6917,4.6858,5.5706,5.9344
279906238,0,AC011290.5,AC011290.5,0.766,0.9707,1.5929,1.0753,1.3726,1.4357,1.5591,2.2713,2.3479,1.9423,2.1333,2.2143
1102286,28855,CTNNA3,"catenin (cadherin-associated protein), alpha 3",0.765,0.2889,0.4602,0.2884,0.4902,0.3126,1.2458,1.5074,1.9611,1.6241,1.1955,1.8571
1092773,4942,OMG,oligodendrocyte myelin glycoprotein,0.765,2.1405,2.8969,2.4999,2.2238,2.3052,3.3786,3.2507,3.6102,4.1096,2.2378,3.6136
1102392,1023518,GRIK1-AS2,GRIK1 antisense RNA 2 (non-protein coding),0.765,0.3701,0.8563,0.8943,0.8663,0.057,0.9946,1.6488,1.1274,0.8709,0.867,0.792
1095851,7549,ZNF41,zinc finger protein 41,0.764,1.9953,2.204,1.8579,2.2526,1.815,2.3397,2.6227,2.4662,2.2672,2.4336,2.0187
1090296,6420,SH3GL2,SH3-domain GRB2-like 2,0.763,5.5606,5.4962,5.2882,5.7457,4.794,5.9786,6.1021,6.1669,6.4186,6.5057,6.6361
279830288,125558,LINC00242,long intergenic non-protein coding RNA 242,0.763,0.3945,0.5822,0.3834,0.5409,0.3443,0.6451,0.7014,0.5424,0.7534,0.3668,0.4139
279774698,0,AF196972.9,AF196972.9,0.763,0,0.1691,0,0,0,0.2579,0.1581,0.0782,0.2899,0,0.0866
1097575,4330,MPP3,"membrane protein, palmitoylated 3 (MAGUK p55 subfamily member 3)",0.763,2.8196,3.4125,3.0823,2.8577,2.9443,3.8688,3.7705,3.4725,3.4611,3.2072,3.0309
280094179,0,RP11-324E6.6,RP11-324E6.6,0.762,0.337,0.3076,0.3439,0.2914,0,0.5305,0.7402,0.4842,0.7588,0.1851,0.6792
1087490,78289,ARAP2,"ArfGAP with RhoGAP domain, ankyrin repeat and PH domain 2",0.762,0.4454,0.3539,0.6307,0.6412,0.4539,1.8971,2.1811,2.1841,2.271,1.8518,2.4688
279918475,0,RP11-330O11.2,RP11-330O11.2,0.761,0,0.0718,0,0,0.0369,0.1005,0.1089,0.0284,0.071,0.103,0.0592
1088851,36829,SEMA6A,"sema domain, transmembrane domain (TM), and cytoplasmic domain, (semaphorin) 6A",0.761,4.0271,4.8031,4.3066,3.804,4.288,4.693,5.1916,5.5819,5.0068,4.9947,5.0653
1092441,2897,GRM4,"glutamate receptor, metabotropic 4",0.761,2.4186,3.2758,2.8921,2.6865,1.6245,3.0821,3.5014,3.2673,3.042,4.0519,3.2672
1091858,77542,KLHL29,kelch-like 29 (Drosophila),0.76,1.96,2.6574,2.2062,1.7341,2.0438,2.816,3.3655,3.1192,2.5429,3.0284,2.4426
1104411,35211,C1orf183,chromosome 1 open reading frame 183,0.76,2.1929,3.1208,2.5081,2.5189,2.5377,3.3314,3.237,3.6982,3.4167,2.621,2.7357
279840698,0,RP5-997D16.2,RP5-997D16.2,0.76,0.5526,1.3378,0.7832,0.3118,0.7605,1.478,1.8882,1.3468,1.3256,0.6041,1.2281
1087130,5614,PRSS3,"protease, serine, 3",0.76,1.9195,2.7381,1.9076,1.6904,2.1891,2.4621,2.5111,2.9228,3.5965,2.5485,2.7022
279868010,157124023,RP11-46A10.4,RP11-46A10.4,0.76,0.7488,2.2746,1.2988,1.3983,1.2514,2.0916,2.1802,2.4277,1.6792,2.2614,1.6432
279872145,0,RP11-98D18.2,RP11-98D18.2,0.759,0.3357,0.5894,0.1962,0.2814,0.0069,0.3959,0.8316,0.1232,0.5671,0.2765,0.5112
1101411,2714,GLDC,glycine dehydrogenase (decarboxylating),0.759,2.1478,2.7081,2.2954,1.9321,2.3787,3.0541,3.1327,3.2976,3.4589,2.2916,2.7191
1095580,58486,NICN1,nicolin 1,0.759,3.4406,3.8713,3.2514,3.0155,3.3174,3.5512,3.7578,3.4786,3.862,3.5075,3.7504
280108872,0,RP11-575G13.2,RP11-575G13.2,0.757,0.2227,0.3157,0.2057,0.3445,0.146,0.5465,0.7938,0.4243,0.5,0.2661,0.2636
1097326,34571,LRRC36,leucine rich repeat containing 36,0.757,0.9124,1.0242,1.1449,1.1903,0.3474,1.2271,2.1753,1.5702,1.539,1.3207,1.0086
279958840,0,UBA52P7,ubiquitin A-52 residue ribosomal protein fusion product 1 pseudogene 7,0.757,0,2.5355,0.5409,1.9271,0.4804,1.882,1.9211,2.1536,1.5468,1.3241,1.5428
1108734,157120623,RP11-118B22.2,RP11-118B22.2,0.756,0.2749,0.3619,0.6726,0.485,0.353,0.959,1.1632,0.7527,0.9486,0.6258,0.8439
1093791,29576,GRHL1,grainyhead-like 1 (Drosophila),0.756,0.4242,0.4758,0.4864,0.6188,0.3099,1.2055,1.3348,0.8524,0.8179,1.1385,0.8778
1100537,55506,C11orf80,chromosome 11 open reading frame 80,0.756,2.3812,2.8163,2.6002,2.8201,2.0164,2.6491,3.3316,2.6635,2.8154,2.409,2.8103
279915858,0,RP11-348H3.2,RP11-348H3.2,0.756,0,0,0,0.112,0,0.2561,0.5608,0.1548,0.2676,0.1494,0.3262
1104754,914,CD247,CD247 molecule,0.755,0.0819,0.4832,0.2137,0.0921,0.0354,0.2008,0.2595,0.3029,0.4053,0.1913,0.249
1094012,23171,KCNH3,"potassium voltage-gated channel, subfamily H (eag-related), member 3",0.753,0.4862,1.3101,1.1259,1.1308,0.7364,1.2332,1.4107,1.0786,1.3482,0.8632,0.966
1091274,7736,SLC30A3,"solute carrier family 30 (zinc transporter), member 3",0.753,1.3248,1.6785,1.3786,1.0653,0.8826,1.3662,2.0253,1.4281,1.665,1.4693,1.1849
1094264,7068,TMOD1,tropomodulin 1,0.753,3.336,3.4442,3.1841,3.4587,3.228,4.1458,4.0783,4.4073,4.9067,4.8207,4.5826
1094692,5256,PIK3C2G,"phosphoinositide-3-kinase, class 2, gamma polypeptide",0.753,0.1777,0.2699,0.1005,0.08,0.4951,0.8755,1.2019,0.8459,1.2138,1.0631,0.6859
1101232,0,CCDC79,coiled-coil domain containing 79,0.752,0,0,0,0,0,0.0268,0.0434,0,0.0281,0.019,0.0233
280027543,0,CTC-467M3.2,CTC-467M3.2,0.752,1.3159,2.6815,2.1891,2.1075,1.327,2.8738,2.2299,2.4907,2.4485,2.9014,2.3713
1090412,34183,RNF43,ring finger protein 43,0.752,1.4824,2.5307,1.8968,1.3343,1.8126,2.2246,2.2937,2.4386,2.3061,2.5476,2.3792
1103332,83618,ZNF385C,zinc finger protein 385C,0.752,1.8651,2.675,1.9888,1.9787,1.842,3.6191,3.5955,3.7478,3.911,1.5332,3.7418
280129361,168577,RP11-17L5.4,RP11-17L5.4,0.752,0.7823,1.1679,0.7117,0.838,0.6951,1.278,1.266,1.2455,1.687,0.5513,1.0904
280019550,9872,PDCD6,programmed cell death 6,0.751,2.5343,3.1088,2.4715,2.9189,2.8101,3.1152,2.9135,3.1594,3.3686,3.3567,3.2125
280067553,0,RP11-400K9.3,RP11-400K9.3,0.751,0.0575,0.7068,0.1121,0.1123,0.2614,0.9517,1.3316,1.4132,1.4582,0,0.5689
279811059,0,RP11-108B14.4,RP11-108B14.4,0.75,0,0.6803,0.179,0.0402,0,0.6482,0.7602,0.2899,0.3759,0,0.6047
279993109,0,RP13-578N3.3,RP13-578N3.3,0.75,0,0.3158,0.2424,0.0832,0,0.4223,0.8719,0.2111,0.234,0.316,0.4057
279660682,0,Y_RNA,Y RNA,0.75,0,0.5608,0,0,0,0.9671,0.7902,0.1119,0.5552,0.4856,0.1026
279758754,0,7SK,7SK RNA,0.748,0,0.8666,0.0525,0,0.1545,0.3897,1.0204,0.1846,0.4064,0.3088,0.7583
1087650,36731,TMCC3,transmembrane and coiled-coil domain family 3,0.748,2.244,2.6106,2.1944,2.3525,2.4501,2.7005,2.6817,2.9042,3.0583,2.7756,3.2198
280119706,0,RP11-506K19.1,RP11-506K19.1,0.748,0,0.3143,0,0,0.0842,0.8717,0.8238,1.2482,0.9493,1.2938,1.0109
1096393,169497,C14orf38,chromosome 14 open reading frame 38,0.748,0.1364,0.3018,0.2452,0.3064,0.1591,0.9178,1.4295,0.7608,0.5068,0.8197,0.7363
1099099,94257,TMEM145,transmembrane protein 145,0.748,3.7918,4.5535,4.6161,3.6273,3.7014,4.4636,5.3014,4.8237,4.64,5.2851,5.0538
1091198,81032,ROPN1B,rhophilin associated tail protein 1B,0.748,0.0214,0.0853,0.104,0.0399,0.0963,0.2099,0.2331,0.1358,0.2072,0.0923,0.1875
279991390,0,AC006116.1,AC006116.1,0.748,1.9106,2.5375,2.347,2.3735,1.7478,2.4721,2.3643,2.2232,2.5508,2.1379,2.3732
279810882,0,ATP5G1P4,"ATP synthase, H+ transporting, mitochondrial Fo complex, subunit C1 (subunit 9) pseudogene 4",0.747,0.2363,1.9238,0.6674,0.9629,1.0156,0.9613,1.4415,1.215,1.8237,1.8449,1.2476
280056180,0,AC006277.2,AC006277.2,0.747,0.2921,1.3907,0.5642,0.8751,0.4601,1.382,1.498,0.9578,0.673,0.968,0.9632
280017626,0,RP11-352E6.2,RP11-352E6.2,0.747,1.2345,2.1461,0.5929,0,0,3.3557,4.1438,0.8925,3.2106,5.0571,2.5494
1095289,840,CASQ1,"calsequestrin 1 (fast-twitch, skeletal muscle)",0.746,0.3917,0.8434,0.5814,0.9306,0.3607,0.9126,0.8869,1.0563,1.2284,0.7891,1.5185
1087773,8471,BCAS1,breast carcinoma amplified sequence 1,0.746,0.5105,1.1009,0.956,0.6679,0.4958,2.1526,1.7958,2.0702,1.3844,1.8649,2.1735
1102390,110382,ZNF530,zinc finger protein 530,0.746,1.0036,1.2116,0.7934,0.962,0.9038,1.3129,1.7973,1.4637,1.1843,1.0087,1.2084
279462726,0,C1orf126,chromosome 1 open reading frame 126,0.746,2.6696,3.1669,2.7107,1.9743,2.7102,3.7255,3.91,3.6708,3.9854,4.4328,4.347
1102311,83684,CCDC125,coiled-coil domain containing 125,0.745,1.0923,1.4271,1.1829,0.8388,1.2945,1.3261,1.7145,1.6311,1.7666,1.3987,1.7491
279836678,0,RP11-456P18.2,RP11-456P18.2,0.745,0,0.1487,0.147,0.0398,0.1024,0.1295,0.3748,0.0948,0.2804,0.2816,0.1996
280034994,0,RP11-399D2.1,RP11-399D2.1,0.745,0.1003,0.074,0.045,0.072,0.0439,0.4683,1.4464,0.6607,0.6088,0.7783,0.8984
1106144,133999,CAPN14,calpain 14,0.745,0.2547,0.3673,0.3645,0.4599,0.0522,0.5069,0.5979,0.6351,0.6478,0.2351,0.4178
1101167,41360,EPS8L2,EPS8-like 2,0.743,0.915,1.7543,1.6105,1.413,1.0458,1.7854,2.0493,2.074,1.7623,1.86,2.6714
279836639,0,RPS15P5,ribosomal protein S15 pseudogene 5,0.742,0,0.6958,0.2632,0.1653,0.353,1.4429,1.4579,0.9051,0.7879,1.6686,0.9337
1101247,30528,ST8SIA3,"ST8 alpha-N-acetyl-neuraminide alpha-2,8-sialyltransferase 3",0.742,3.0754,2.694,1.9895,2.8727,2.3832,3.7994,4.1141,3.8366,3.8931,3.372,2.9828
279796359,1019538,RP5-1073O3.5,RP5-1073O3.5,0.742,1.4852,1.7565,1.7424,1.0921,1.1271,1.9928,2.5992,1.9562,1.7916,2.35,2.0399
1097749,109685,FAM5C,"family with sequence similarity 5, member C",0.741,2.8303,2.9315,2.6,2.3748,2.4279,3.3031,3.5183,3.5988,3.8228,2.4479,3.4031
1102555,5555,PRKD1,protein kinase D1,0.741,1.3483,2.156,1.5051,1.5711,1.8673,2.2834,2.9147,3.0811,2.6541,3.3688,2.3752
1094081,34908,DOCK10,dedicator of cytokinesis 10,0.741,1.0407,1.619,1.2321,1.1983,0.9839,2.0946,2.5648,2.2328,1.7498,1.0413,1.5062
1100917,4456,MSRA,methionine sulfoxide reductase A,0.741,2.8596,3.0969,2.9095,2.8101,2.9448,3.5967,3.3891,3.5883,3.5047,3.7537,3.3982
1087718,40559,ELMO2,engulfment and cell motility 2,0.74,3.9588,4.1806,3.4237,3.8323,3.7261,4.0067,4.109,4.1806,4.4341,3.956,3.9081
279991578,170122,RP11-33B1.1,RP11-33B1.1,0.74,1.3089,1.3041,1.225,1.6622,0.9361,1.6759,2.0001,1.5112,1.5378,1.5244,1.7549
280055863,0,RP11-1081M5.1,RP11-1081M5.1,0.74,0.1789,0.4899,0.1365,0.2173,0.1166,0.6425,0.552,0.5039,0.5756,0.2607,0.0949
1098647,35619,METTL3,methyltransferase like 3,0.74,2.6858,3.1899,2.8624,2.6861,2.5583,3.3251,3.9736,3.3116,2.9474,3.8286,3.3012
1089558,55984,KIAA0226L,KIAA0226-like,0.739,0.9031,0.6721,0.8084,0.8909,0.6442,1.9174,2.1866,2.2288,2.5528,1.02,1.5527
279850722,0,AC006994.1,AC006994.1,0.739,0,0.0824,0,0,0,0,0.1166,0.0614,0.0815,0,0.0233
1095593,9574,ECE2,endothelin converting enzyme 2,0.739,2.7874,3.0281,2.7966,2.7254,2.6287,3.111,3.1825,3.0215,3.6591,3.7984,3.2499
279976623,0,C6orf183,chromosome 6 open reading frame 183,0.738,0,0.0077,0,0,0,0.0155,0.0661,0.0124,0.0405,0,0.0451
1093829,59192,RERG,"RAS-like, estrogen-regulated, growth inhibitor",0.738,0.8667,0.9321,0.8194,1.8123,1.3766,2.0647,2.5486,2.4119,2.7971,2.0373,2.2394
1104286,2979,GYPE,glycophorin E (MNS blood group),0.737,0,0.2344,0.3043,0.3776,0.0982,0.5856,0.7018,0.3116,0.4297,0.3592,0.7091
280022582,0,ARPC4-TTLL3,ARPC4-TTLL3 readthrough,0.737,4.2458,4.9015,4.5637,4.9127,4.5618,4.6683,4.863,4.7095,4.9554,4.8836,5.0287
1094086,56478,SLC19A3,"solute carrier family 19, member 3",0.737,0.2702,0.4832,0.1906,0.263,0.1521,0.393,0.5494,0.4563,0.3903,0.7328,0.5852
1094493,10414,IFI44,interferon-induced protein 44,0.737,0.3903,0.672,0.6631,0.9083,0.5489,1.8704,2.7299,1.9502,1.2722,2.0821,2.1352
1100658,79707,ABRA,actin-binding Rho activating protein,0.737,0,0,0,0,0,0.0479,0.0773,0.0377,0.0502,0.0731,0.021
279909021,0,NDP-AS1,NDP antisense RNA 1 (non-protein coding),0.736,1.2723,2.8732,1.5386,2.2093,1.723,2.6059,2.8098,3.3344,3.4499,3.7178,4.7435
1088469,4994,P2RX5,"purinergic receptor P2X, ligand-gated ion channel, 5",0.736,0.5262,0.9421,1.0271,0.2849,0.7739,1.2695,1.5747,1.5208,1.9921,0.8905,1.089
1095370,41641,INTS3,integrator complex subunit 3,0.736,2.7404,3.6975,3.1134,2.6854,2.9414,3.4879,4.0569,3.7572,3.0998,3.5661,3.6399
1108738,1150,CKMT1B,"creatine kinase, mitochondrial 1B",0.736,0.4292,1.165,0.8112,0.637,0.775,1.5319,2.4988,1.4278,1.0694,2.0758,1.6025
1102364,33332,PCBP3,poly(rC) binding protein 3,0.736,1.761,3.5376,2.5586,2.5681,2.7455,2.9758,3.0755,3.6984,3.39,3.5249,3.4494
1088515,2630,GCKR,glucokinase (hexokinase 4) regulator,0.736,0.1032,0.1481,0.0849,0.0509,0.0227,0.1589,0.4159,0.138,0.1455,0.2232,0.2562
279788537,0,RP1-18D14.3,RP1-18D14.3,0.735,0,0.1218,0,0.0583,0,0.0708,0.1152,0.0558,0.1401,0.188,0.2328
1088293,8792,SYNJ2,synaptojanin 2,0.735,2.4497,2.7375,1.8924,2.7522,1.7089,3.1994,4.5061,3.5067,3.4026,1.9012,2.6483
1105574,3798,KLRC3,"killer cell lectin-like receptor subfamily C, member 3",0.735,0.2567,0.1672,0.147,0.2764,0.0661,0.4717,0.5273,0.62,0.4898,0.3765,0.3809
1091853,30487,COQ6,"coenzyme Q6 homolog, monooxygenase (S. cerevisiae)",0.735,1.3576,1.84,1.5826,1.6689,1.9248,1.9351,2.366,1.9889,1.9844,2.0398,2.0058
280135594,0,RP11-66B24.4,RP11-66B24.4,0.735,0.8246,1.4472,0.983,1.5816,0.6873,2.3227,2.497,2.6873,2.717,0.5089,2.0397
280088895,0,RP11-256L11.3,RP11-256L11.3,0.735,0,0.2182,0.0998,0.0012,0.2214,0.2612,0.3633,0.3185,0.2859,0.2572,0.2867
280025552,0,RP11-310P5.2,RP11-310P5.2,0.734,0,0.1005,0.1343,0.0893,0,0.1802,1.5913,0.9839,1.0431,0.8532,0.349
1093558,30205,DCAF8,DDB1 and CUL4 associated factor 8,0.734,3.2685,3.8239,3.457,3.4709,3.6177,3.8287,4.3671,3.8794,3.647,3.8739,4.188
1104448,59783,FCHSD1,FCH and double SH3 domains 1,0.734,1.3427,2.0444,1.6969,1.7231,1.4146,2.0024,2.1412,2.0409,1.7851,1.6427,2.4259
1097888,2056,ERCC3,"excision repair cross-complementing rodent repair deficiency, complementation group 3 (xeroderma pigmentosum group B complementing)",0.734,2.4559,3.0484,2.2081,2.8221,2.6781,2.9491,3.4652,3.0026,2.9098,3.5059,2.9157
1098368,78576,TAGAP,T-cell activation RhoGTPase activating protein,0.734,0.3886,0.5079,0.3736,0.377,0.6377,0.768,1.053,0.9339,1.1729,0.9282,0.6045
1105990,1002948,AC093726.6,HCG1999107Uncharacterized protein,0.734,0.9371,0.9699,0.9982,1.06,0.9754,1.4236,1.5014,1.5069,1.3173,1.3551,1.5563
1092915,2830,MCHR1,melanin-concentrating hormone receptor 1,0.733,0.9272,1.2326,1.5283,1.1851,0.8713,1.9815,2.6656,2.8563,3.3691,1.0294,2.0831
1103615,0,MAFIP,MAFF interacting protein,0.733,0,0.0941,0.0626,0.0368,0.0245,0.3972,0.3318,0.247,0.7795,0.6759,0.4572
279814733,157122087,RP4-773A18.4,RP4-773A18.4,0.733,1.1907,1.8808,1.3553,1.4055,1.4154,1.6999,1.8482,1.5762,1.7524,1.186,1.6099
1100454,94762,AC068020.1,AC068020.1,0.732,0.1877,0.4655,0.1863,0.1477,0.3402,0.6854,1.0788,0.5879,0.634,0.4869,1.1935
1101240,10278,ARIH2,ariadne homolog 2 (Drosophila),0.732,3.2619,3.4009,3.0925,3.1278,3.1327,3.4495,3.6667,3.4256,3.2674,3.4284,3.2835
279978832,0,AC006547.8,AC006547.8,0.731,2.9476,3.7784,3.3851,3.5401,3.6268,4.1729,4.3465,4.0269,3.9154,4.341,3.557
280106387,0,RP11-259K21.3,RP11-259K21.3,0.731,0,0.1043,0,0,0,0.0984,0.2202,0,0.1993,0,0
1098830,5547,PRKCB,"protein kinase C, beta",0.731,4.2073,3.7076,3.8808,3.5511,3.8376,5.2273,5.5692,5.2036,5.8699,5.7815,5.4542
1087716,4033,LTK,leukocyte receptor tyrosine kinase,0.731,0.0679,0.1465,0.0875,0.1432,0.1279,0.8573,1.3762,1.2855,1.0366,0.2271,1.2849
280085819,0,RP11-770G2.5,RP11-770G2.5,0.73,0.0102,0.1561,0.2649,0.3715,0,0.4009,0.4649,0.3941,0.4689,0.5476,0.2553
1097387,871,CBS,cystathionine-beta-synthase,0.729,2.4708,3.8326,3.2228,2.6188,3.5862,4.3088,4.2602,4.3298,4.3021,4.3639,5.0753
1088129,5490,PPP2R2C,"protein phosphatase 2, regulatory subunit B, gamma",0.729,4.4029,4.7321,4.2621,4.1171,3.1275,4.8165,4.9906,5.3479,4.5308,5.0803,4.8295
279955114,0,AC006378.3,AC006378.3,0.729,0.043,0.2096,0,0,0,0.2878,0.7825,0,0.3884,0,0.38
1106283,79586,UBE2QL1,ubiquitin-conjugating enzyme E2Q family-like 1,0.728,4.3506,4.6133,4.1366,4.2998,3.7135,4.7595,4.6121,4.5533,5.1245,5.4543,5.3382
1089539,2548,GABRE,"gamma-aminobutyric acid (GABA) A receptor, epsilon",0.728,0.1022,0.3207,0.1415,0.0668,0.1292,0.4125,1.1947,0.6131,0.437,0.4866,1.0164
280021717,0,RP11-677M14.3,RP11-677M14.3,0.728,0.4029,0.1802,0.097,0.3027,0.0025,0.5874,0.713,0.5595,0.9912,0.6567,0.2791
279973262,0,RPS6P16,ribosomal protein S6 pseudogene 16,0.727,0.2873,0.6404,0.1269,0.4191,0.3233,0.2782,0.8329,0.5551,0.5711,0.8202,0.7333
1097010,7036,TIMP4,TIMP metallopeptidase inhibitor 4,0.727,2.4322,2.7876,2.4097,3.1475,2.1897,3.7133,3.9305,4.5584,5.1994,4.6719,5.9456
1090683,8501,MADD,MAP-kinase activating death domain,0.727,3.9789,4.7014,4.3282,3.6913,3.4251,4.3757,4.5338,4.4009,4.3498,3.9628,4.4338
279816383,0,AC003989.4,AC003989.4,0.727,0,0.432,0.0841,0.1824,0,0.2195,0.4875,0.0902,0.4238,0.6232,0.0997
280004685,0,CTD-2044J15.1,CTD-2044J15.1,0.725,0.0333,0.0823,0.0537,0.0163,0,0.0776,0.2086,0.0907,0.0644,0.0892,0.0539
1100879,56028,PAAF1,proteasomal ATPase-associated factor 1,0.725,2.1019,2.683,2.2355,1.9131,2.4463,2.4332,3.1525,2.7787,2.8597,3.0089,3.3195
279812077,157122593,AC018647.3,AC018647.3,0.725,0.0434,0.0807,0.0707,0.3037,0.0551,0.5553,0.953,0.7959,0.9322,1.1534,1.2985
1091552,36841,SIPA1L2,signal-induced proliferation-associated 1 like 2,0.724,3.7166,4.4949,3.6679,3.6486,3.3448,4.1297,4.2899,4.5765,3.9844,4.3249,3.787
1096767,36213,CA10,carbonic anhydrase X,0.724,2.7916,2.5302,2.6279,2.2308,2.3938,3.2489,3.7462,3.9472,4.216,3.4939,4.2698
279897461,0,RP11-186O14.4,RP11-186O14.4,0.724,0,0.1392,0,0.2418,0.1413,0.0889,0.3908,0.1696,0.5198,0.3159,0.321
1090925,1859,E2F3,E2F transcription factor 3,0.723,2.8557,2.8905,2.4172,2.6204,2.1496,3.113,3.3916,3.5053,3.1655,2.7973,2.5822
1096539,1351,CPB1,carboxypeptidase B1 (tissue),0.723,0.0576,0.0246,0.0216,0,0,0.1156,0.1451,0.0975,0.2461,0.0546,0.1981
1097864,79416,SGPP2,sphingosine-1-phosphate phosphatase 2,0.723,0.9774,0.9489,0.8759,0.6301,1.0408,1.4511,1.8872,1.696,1.7883,1.1086,1.3293
280073211,0,RP5-903G2.2,RP5-903G2.2,0.722,0,0,0,0,0,0.1395,0.5536,0.3081,0.5239,0,0.1223
1091886,26255,CNNM1,cyclin M1,0.722,1.0651,1.4541,1.1989,1.3565,0.7962,1.3653,1.6287,1.5299,1.7661,0.9912,1.0343
1094881,56150,WDR61,WD repeat domain 61,0.722,2.5009,2.627,2.2907,2.8603,2.5901,2.7684,3.0209,2.7744,3.0661,2.8785,2.6162
279881356,0,RP5-1039K5.13,RP5-1039K5.13,0.722,0.3745,1.0533,1.1636,0.6666,0.5885,1.742,1.3588,1.3082,1.1675,1.4031,1.18
280076146,0,SYS1-DBNDD2,SYS1-DBNDD2 readthrough (non-protein coding),0.721,3.7995,4.3242,3.8062,4.0134,4.271,4.7083,4.8331,5.3591,5.8999,4.2082,5.3777
279665764,26547,SNORD48,"small nucleolar RNA, C/D box 48",0.721,0,1.2362,0,0,0.6826,1.1683,2.5028,1.7519,1.1622,2.5712,2.5233
1094961,8888,NOL3,nucleolar protein 3 (apoptosis repressor with CARD domain),0.721,3.2527,3.1291,3.0817,3.0988,2.7926,3.4633,3.4481,3.5537,3.7653,3.8663,3.7266
1090742,2718,GLI1,GLI family zinc finger 1,0.721,0.8317,1.9645,1.5289,1.4863,1.5989,2.0191,2.579,2.9775,2.2813,1.7136,1.7626
1087288,35067,ZNF839,zinc finger protein 839,0.721,1.7177,2.0264,1.6013,1.911,1.7332,2.2631,2.1772,2.0639,1.8721,1.8465,1.9849
279710751,1012744,MIR492,microRNA 492,0.72,0,0.5082,0,0,0.5149,1.3731,1.1995,1.3466,3.224,0.6889,1.2538
279955948,0,PPP1R2P4,"protein phosphatase 1, regulatory (inhibitor) subunit 2 pseudogene 4",0.72,1.325,0.9051,1.0794,1.2166,0.8983,2.422,2.7021,2.7573,3.0173,1.353,1.9434
279703709,0,SNORA6,"small nucleolar RNA, H/ACA box 6",0.72,0.1439,1.0989,0.5931,0.3805,0.4116,1.2542,3.0145,1.6472,0.8115,1.6908,1.0442
1091450,7781,NPHS2,"nephrosis 2, idiopathic, steroid-resistant (podocin)",0.72,0,0.0374,0,0,0,0,0.1118,0.0277,0.0648,0.0539,0
1103436,166895,CPSF4L,cleavage and polyadenylation specific factor 4-like,0.72,0.7268,0.965,0.9582,0.6499,0.8322,0.8341,1.1534,0.9187,1.2093,0.9533,0.9308
1091771,23069,SATB2,SATB homeobox 2,0.72,0.8943,1.3025,1.0934,1.399,1.0767,2.5962,2.1085,2.0168,1.7018,1.8715,1.5875
1099550,5715,PTK2,PTK2 protein tyrosine kinase 2,0.72,3.1847,3.2113,2.8703,3.259,3.1641,3.4004,3.7468,3.5477,3.375,3.4721,3.3543
280018656,0,SNX5P1,sorting nexin 5 pseudogene 1,0.719,1.3619,1.7084,1.4023,1.6114,1.7241,2.0873,2.0633,2.3349,2.2629,2.4652,1.9968
279908791,0,AC009404.2,AC009404.2,0.719,0.2285,0.3683,0.3078,0.4308,0.3382,0.6307,0.8149,0.6776,0.4478,0.6789,0.5796
280011030,0,RP11-428L21.2,RP11-428L21.2,0.719,0,1.3184,0.357,0.1681,0.464,0.5381,1.3497,0.4381,0.7974,0.3889,0.7654
1097317,85719,GPR114,G protein-coupled receptor 114,0.718,0.4592,0.7105,0.5665,0.5854,0.3444,1.0883,0.6183,0.5621,1.2276,0.8556,0.8436
1088073,29686,TRHDE,thyrotropin-releasing hormone degrading enzyme,0.718,0.5274,0.9537,0.7151,1.3022,0.3931,1.4161,1.4839,2.0071,1.3104,1.0229,1.6073
1094696,33214,SLCO1C1,"solute carrier organic anion transporter family, member 1C1",0.718,0.3568,0.2768,0.1568,0.4267,0.4947,1.4328,1.4217,1.5295,1.6375,1.2442,1.9853
1101402,3330,HTR1A,5-hydroxytryptamine (serotonin) receptor 1A,0.717,0.286,1.5694,0.6691,0.8115,0.7957,1.6113,1.652,2.4532,1.9706,2.1845,3.1937
280136247,0,RP11-56B16.1,RP11-56B16.1,0.717,1.0669,1.615,1.1573,1.4095,1.0438,1.557,1.4719,1.7211,1.3031,1.3977,1.5666
1092696,55457,HECTD3,HECT domain containing 3,0.717,2.799,3.9006,3.454,2.9929,3.424,3.7049,3.7204,3.8917,3.7212,3.8717,3.981
279932813,166563,SNORA13,"small nucleolar RNA, H/ACA box 13",0.717,0,0.8052,0.7906,0.7623,0.8994,1.1805,2.593,2.0536,2.0803,1.3398,0.6674
1101200,3712,KCNA2,"potassium voltage-gated channel, shaker-related subfamily, member 2",0.717,1.2968,1.5855,1.2271,0.9849,0.732,1.8866,2.032,2.1342,1.4633,1.8284,1.3064
1086895,4049,M6PR,mannose-6-phosphate receptor (cation dependent),0.717,3.0221,3.1321,2.64,3.0838,2.9716,3.4021,3.3977,3.4697,3.5841,2.9025,3.1926
280093220,0,AC010296.1,AC010296.1,0.716,4.5411,4.8656,4.5158,4.0532,4.6417,4.9926,5.742,5.8836,5.3082,5.4819,5.2937
280086453,0,RP11-91P24.6,RP11-91P24.6,0.716,0.5027,1.7601,1.1497,0.8245,1.3074,2.0083,1.9587,2.1861,1.5125,2.1302,2.1235
1092761,36655,RHOJ,"ras homolog gene family, member J",0.716,1.8285,2.0629,1.8573,1.8043,2.3687,2.7798,3.1074,2.9647,2.7548,2.6789,2.898
279664168,0,SNORD14B,"small nucleolar RNA, C/D box 14B",0.715,0,0.6256,0,0.4462,0,1.692,1.5874,1.2359,0.4462,0.5745,1.5092
279765700,90384,PLAC2,placenta-specific 2 (non-protein coding),0.715,0.6101,1.0408,0.7487,0.5947,0.6577,0.595,1.2875,1.4026,1.8524,0.8004,1.0591
279847403,0,AC092669.4,AC092669.4,0.715,0.2591,1.1187,0.0593,0.2705,0.5498,0.9627,0.8357,0.9527,0.6891,0.7427,1.059
280132567,0,RP11-2E17.1,RP11-2E17.1,0.714,1.5593,2.7993,2.3315,1.8109,2.8131,3.306,3.4088,4.416,4.2536,3.0718,3.5351
279981968,0,AL162389.2,AL162389.2,0.714,0,0,0,0,0,0.2067,0.3233,0,0.4041,0,0.1746
1096922,78731,SFXN2,sideroflexin 2,0.714,0.5291,0.9052,0.6068,0.6932,0.8721,1.2597,1.4924,1.3702,0.9621,1.3936,1.1339
1089400,31134,CDK5RAP1,CDK5 regulatory subunit associated protein 1,0.714,1.7691,2.4733,2.1106,2.0025,2.0022,2.4522,2.7403,2.4942,2.0802,2.6494,2.2646
1098200,11176,SCRG1,stimulator of chondrogenesis 1,0.714,0.6021,1.1074,0.912,1.8465,1.4261,3.4233,2.7176,2.7017,3.2086,3.0018,3.893
279859544,0,RP4-677H15.2,RP4-677H15.2,0.713,0,0.553,0.0171,0.4443,0.0775,0.8618,1.826,0.402,0.3753,0.368,0.7941
1103507,25594,CTD-2228K2.5,Uncharacterized protein,0.713,2.135,2.4777,1.9817,2.3136,2.6491,2.9928,3.2081,3.045,2.8229,2.9867,3.1838
280073869,0,RP11-678P16.1,RP11-678P16.1,0.713,4.6975,4.6268,5.0073,4.8727,3.1803,4.8928,5.621,5.4324,5.8406,4.5503,5.0333
1094288,81387,TSTD2,thiosulfate sulfurtransferase (rhodanese)-like domain containing 2,0.713,3.2495,3.2664,2.8001,3.2937,3.1271,3.4718,3.5191,3.5984,3.8033,3.897,3.5716
280110981,0,RP11-603K19.1,RP11-603K19.1,0.713,0.7853,2.4922,1.1106,2.4074,2.5629,3.0209,3.6267,3.2824,3.0254,2.0613,2.612
279933989,0,snoU13,Small nucleolar RNA U13,0.712,0.9545,1.8974,0.5811,0.7735,0.1936,3.4017,5.3499,3.4685,1.1645,3.8204,2.8391
1108480,119803,RNF148,ring finger protein 148,0.712,0,0.1552,0.0471,0.1595,0,0.1466,0.1587,0.1163,0.1534,0,0.1284
279882556,0,AC005304.1,AC005304.1,0.712,0,0,0,0,0,0.1437,0.246,0.0413,0.1293,0,0.1365
279869262,0,RP11-388P9.2,RP11-388P9.2,0.712,3.2434,3.669,3.2636,2.7626,2.7987,3.6269,4.1138,4.1,3.4025,3.812,3.4023
1093225,9741,OSBPL2,oxysterol binding protein-like 2,0.712,3.5747,3.8786,3.5851,3.8334,3.6496,4.1668,3.9213,4.1165,4.1068,4.4376,4.0953
279760049,0,AC117415.1,AC117415.1,0.711,1.8761,3.3641,2.344,2.2692,1.6214,3.2397,2.7054,4.4519,3.4498,2.5956,3.6844
279906462,157123077,LINC00445,long intergenic non-protein coding RNA 445,0.71,0,0,0,0,0,0.1668,0.1374,0.1325,0.1746,0,0.075
279808322,94402,RP3-410C9.1,RP3-410C9.1,0.71,0,0,0.0249,0,0,0.1525,0.5724,0.0417,0.4385,0,0.3117
1094822,36437,PELI2,pellino homolog 2 (Drosophila),0.71,2.846,2.9866,2.7858,3.2826,3.2365,3.8207,3.9375,3.8821,3.8554,4.1139,4.0991
279900756,0,RP11-133O22.6,RP11-133O22.6,0.71,0.5716,1.8771,1.0275,1.1249,1.457,0.9808,1.7842,1.6481,2.5205,2.0337,1.7352
1093046,9908,AP1M2,"adaptor-related protein complex 1, mu 2 subunit",0.71,0.9963,1.2773,0.9909,1.7847,0.2593,1.6436,1.8973,1.8109,2.2805,1.1596,0.852
1087256,1579,CYP24A1,"cytochrome P450, family 24, subfamily A, polypeptide 1",0.71,0,0.1972,0.0156,0.1933,0.0686,0.2996,0.2345,0.1263,0.2259,0.2397,0.0573
279990450,151606,BDNF-AS1,BDNF antisense RNA 1 (non-protein coding),0.71,0.6415,1.1096,0.7889,1.0537,0.795,1.2778,1.1159,1.3377,1.3588,0.7878,1.5675
279830461,0,AC011891.5,AC011891.5,0.709,0.1348,0.4949,0.1408,0,0,0.2312,0.97,0.4488,0.3626,0,0.5413
279982077,0,RP11-454H13.6,RP11-454H13.6,0.709,1.3377,2.0538,2.1654,2.3579,1.5596,2.3947,2.846,2.4666,2.276,3.0553,2.3492
1096249,1728,DLG2,"discs, large homolog 2 (Drosophila)",0.709,3.4278,2.6624,2.7064,2.9795,1.9969,3.4649,4.0523,3.9079,4.5025,3.0856,3.3774
280026172,0,RP11-1082L8.1,RP11-1082L8.1,0.709,0.0894,0.6061,0.1902,0.5202,0.3624,0.5018,0.4542,0.3074,0.7438,0.6108,0.4804
280099084,0,AP003716.1,AP003716.1,0.709,0.0386,0.118,0.163,0.0189,0.0248,0.3298,0.4778,0.3378,0.3054,0.0696,0.1162
1093538,6576,SNAP25,"synaptosomal-associated protein, 25kDa",0.708,5.1943,5.0965,5.1278,5.3944,4.6312,5.9422,5.6833,5.5893,5.8817,5.0171,5.5105
1096343,28823,THYN1,thymocyte nuclear protein 1,0.708,2.8953,3.9147,3.1927,3.2733,3.3275,3.8909,3.5758,3.8902,3.6262,4.0655,4.1078
1088791,33808,PUS7,pseudouridylate synthase 7 homolog (S. cerevisiae),0.707,1.2809,1.4317,1.0003,1.3775,1.2716,1.6795,1.8855,1.8297,1.5142,1.5267,1.3385
1102541,217,ALDH1A3,"aldehyde dehydrogenase 1 family, member A3",0.707,1.0954,1.9934,1.5554,2.3224,1.0161,3.0982,3.0092,3.4629,3.3515,0.839,2.6333
1098104,31205,FBXO40,F-box protein 40,0.707,0,0,0,0.0092,0,0.0113,0.0364,0.0089,0.0352,0.0173,0
1096719,27040,PDLIM3,PDZ and LIM domain 3,0.706,2.7201,3.3224,2.8717,3.0407,2.4592,3.7892,3.444,4.5039,3.9656,4.344,4.7043
1097416,6252,S100B,S100 calcium binding protein B,0.706,2.5914,4.4104,3.7979,3.955,3.9178,5.76,4.8231,5.6838,5.7189,6.826,6.2183
280112801,0,RP11-977G19.5,RP11-977G19.5,0.705,3.4186,4.7483,3.9873,3.4061,3.4575,3.7954,4.5946,4.0996,3.9053,4.261,4.0967
280088207,0,CTD-2335A18.1,CTD-2335A18.1,0.705,0.7188,1.8756,0.8686,0.7042,1.0591,2.0332,2.4839,2.0946,1.0242,1.8826,2.0414
1106306,0,AC051642.1,AC051642.1,0.705,1.1556,1.6499,1.4115,1.1824,1.6651,2.0791,2.8274,1.8125,2.0489,2.0787,2.9495
1097623,6715,SSTR5,somatostatin receptor 5,0.705,0,0.0515,0.0452,0,0,0.0245,0.1159,0.0809,0.0756,0,0.0423
1092775,57786,AIF1L,allograft inflammatory factor 1-like,0.705,2.9131,3.6975,3.2306,3.2155,3.5156,3.8623,3.7353,4.3363,4.7206,4.0709,3.474
1107944,166713,C14orf176,chromosome 14 open reading frame 176,0.705,0.1634,0.6281,0.179,0.1918,0.3101,0.4987,0.7473,0.5563,0.3324,0.2837,0.6575